{"_wandb":{"runtime":2},"accuracy":0.81,"_timestamp":1.7423836726450298e+09,"_runtime":2.3096698,"_step":9,"epoch":9,"loss":1}