{"_step":135,"predicted_class":"BLCA","confidence":0.06259166449308395,"_timestamp":1.7428138917488937e+09,"processed_slides":1340,"_wandb":{"runtime":1122},"_runtime":1121.9629976}