{"confidence":0.06259166449308395,"_timestamp":1.7428077805665593e+09,"_runtime":1549.9810818,"_step":0,"_wandb":{"runtime":1550},"predicted_class":"BLCA"}