{"_step":0,"_wandb":{"runtime":1452},"predicted_class":"BLCA","confidence":0.06259166449308395,"_timestamp":1.7428094146258981e+09,"_runtime":1451.9157859}